Advisory_ID,Advisory Title,CVE_ID,Products,Published Date,Updated Date
LEN-178303,"Multi-vendor BIOS Security Vulnerabilities (November, 2024)","CVE-2023-22351, CVE-2023-23904, CVE-2023-25546, CVE-2023-41833, CVE-2023-42772, CVE-2023-43626, CVE-2023-43753, CVE-2024-21820, CVE-2024-21829, CVE-2024-21850, CVE-2024-21853, CVE-2024-21871,
			CVE-2024-22185, CVE-2024-23599, CVE-2024-23918, CVE-2024-23984, CVE-2024-24968, CVE-2024-24985, CVE-2024-25565, CVE-2024-33658, CVE-2024-33660, CVE-2024-36242, CVE-2024-38660, CVE-2024-39707, CVE-2024-42442","INSYDE-SA-2024007, INTEL-SA-01111, INTEL-SA-01085, INTEL-SA-01076, INTEL-SA-01101, INTEL-SA-01079, INTEL-SA-01196, INTEL-SA-01071, INTEL-SA-01097, INTEL-SA-01103",2024-11-12,2024-11-27
LEN-173640,NVIDIA GPU Display Driver - October 2024,"CVE-2024-0126, CVE-2024-0117, CVE-2024-0118, CVE-2024-0119, CVE-2024-0120, CVE-2024-0121, CVE-2024-0127, CVE-2024-0128,",,2024-11-12,2024-11-27
LEN-171280,Intel Graphics Software Advisory,"CVE-2024-38665, CVE-2024-34023, CVE-2024-34170, CVE-2024-23919",INTEL-SA-01132,2024-11-12,2024-11-27
LEN-171198,Intel EMA Software Advisory,CVE-2024-32483,INTEL-SA-01201,2024-11-12,2024-11-27
LEN-167703,Intel Graphics Compiler and Intel Arc Pro Graphics Advisory,"CVE-2024-32044, CVE-2024-34028, CVE-2024-32667",INTEL-SA-01163,2024-11-12,2024-11-27
LEN-167315,AMD HIP SDK Incorrect Default Permissions Vulnerability,CVE-2024-21937,AMD-SB-6015,2024-11-12,2024-11-27
LEN-166568,NVIDIA GPU Display Driver - July 2024,CVE-2024-0107,,2024-08-13,2024-11-27
LEN-165524,"Multi-vendor BIOS Security Vulnerabilities (September, 2024)","CVE-2021-33164, CVE-2023-22351, CVE-2023-23904, CVE-2023-25546, CVE-2023-41833, CVE-2023-42772, CVE-2023-43626, CVE-2023-43753, CVE-2024-21781, CVE-2024-21829, CVE-2024-21871, CVE-2024-23599, CVE-2024-23984, CVE-2024-24968, CVE-2024-3100, CVE-2024-33016, CVE-2024-45105, CVE-2024-4550, CVE-2024-7756","INTEL-SA-01071, INTEL-SA-01097, INTEL-SA-01103",2024-09-10,2024-11-27
LEN-164067,"Multi-vendor BIOS Security Vulnerabilities (August, 2024)","CVE-2021-26344, CVE-2021-26367, CVE-2021-26387, CVE-2021-46746, CVE-2021-46772, CVE-2022-23815, CVE-2022-23817, CVE-2022-30426, CVE-2023-20518, CVE-2023-20578, CVE-2023-20584, CVE-2023-20591, CVE-2023-31315, CVE-2023-31355, CVE-2023-31356, CVE-2023-39535, CVE-2023-39536, CVE-2023-39537, CVE-2023-42667, CVE-2023-43490, CVE-2023-49141, CVE-2024-21801, CVE-2024-21978, CVE-2024-21980, CVE-2024-21981, CVE-2024-22374, CVE-2024-24853, CVE-2024-24980, CVE-2024-25939, CVE-2024-33656, CVE-2024-33657, CVE-2024-39283","AMI-SA-2023008, INTEL-SA-01046, INTEL-SA-01073, INTEL-SA-01070, INTEL-SA-01100, INTEL-SA-01083, INTEL-SA-01118, INTEL-SA-01038, INTEL-SA-01045, AMD-SB-4004, AMD-SB-3003, AMD-SB-7014, AMD-SB-3011",2024-08-13,2024-11-27
LEN-163492,Intel Arc and Xe Graphics Software Advisory,CVE-2024-28050,INTEL-SA-01130,2024-08-13,2024-11-27
LEN-158934,Intel PROSet Wireless Wi-Fi Software and Intel Wireless Bluetooth Advisory,"CVE-2024-23198, CVE-2024-28049, CVE-2024-25563, CVE-2024-24984",INTEL-SA-01108,2024-11-12,2024-11-27
LEN-158933,Intel Chipset Firmware Advisory,"CVE-2023-38655, CVE-2023-40067, CVE-2023-34424, CVE-2023-35061, CVE- 2024-21844, CVE-2023-48361",INTEL-SA-00999,2024-08-13,2024-11-27
LEN-158632,"Multi-vendor BIOS Security Vulnerabilities (May, 2024)","CVE-2023-27504, CVE-2023-28383, CVE-2023-28402, CVE-2023-45733, CVE-2023-45745, CVE-2023-46103, CVE-2023-47252, CVE-2023-47855, CVE-2024-0762, CVE-2024-1598, CVE-2024-25078, CVE-2024-25079, CVE-2024-27353,","INSYDE-SA-2023067, INSYDE-SA-2024001, INTEL-SA-00814, INTEL-SA-01051, INTEL-SA-01052, INTEL-SA-01036",2024-05-14,2024-11-27
LEN-158418,AMD Radeon Vulnerabilities,"CVE-2024-21972, CVE-2024-21979",AMD-SB-6012,2024-04-09,2024-11-27
LEN-150808,NVIDIA GPU Display Driver - February 2024,"CVE-2024-0071, CVE-2024-0073, CVE-2024-0074, CVE-2024-0075, CVE-2024-0078, CVE-2022-42265, CVE-2024-0077, CVE-2024-0079",,2024-03-12,2024-11-27
LEN-150692,"Multi-vendor BIOS Security Vulnerabilities (February, 2024)","CVE-2021-38575, CVE-2021-38576, CVE-2021-38578, CVE-2021-42299, CVE-2023-20576, CVE-2023-20577, CVE-2023-20579, CVE-2023-20587, CVE-2023-25174, CVE-2023-28388, CVE-2023-28739, CVE-2023-29153, CVE-2023-31346, CVE-2023-31347, CVE-2023-34469, CVE-2023-34470, CVE-2023-35841, CVE-2023-45229, CVE-2023-45230, CVE-2023-45231, CVE-2023-45232, CVE-2023-45233, CVE-2023-45234, CVE-2023-45235","AMD-SB-3007, AMD-SB-7009, AMI-SA-2023007, INSYDE-SA-2023040, INTEL-SA-00870, INTEL-SA-00928, INTEL-SA-01003, Phoenix Security ID 200-002",2024-02-13,2024-11-27
LEN-149644,Intel Thunderbolt Driver Advisory,CVE-2022-37410,INTEL-SA-00916,2024-05-14,2024-11-27
LEN-145284,BIOS Image Parsing Function Vulnerabilities (LogoFAIL),"CVE-2023-5058, CVE-2023-39538, CVE-2023-39539, CVE-2023-40238","AMI-SA-2023009, INSYDE-SA-2023053, VU#8118620, BRLY-2023-006,Â BRLY-2023-018",2023-12-06,2024-11-27
LEN-141775,Multi-vendor BIOS Security Vulnerabilities (October 2023),"CVE-2023-5075, CVE-2023-5078, CVE-2023-20594, CVE-2023-20597, CVE-2023-25493, CVE-2023-25494, CVE-2023-43567, CVE-2023-43568, CVE-2023-43569, CVE-2023-43570, CVE-2023-43571, CVE-2023-43572, CVE-2023-43573, CVE-2023-43574, CVE-2023-43575, CVE-2023-43576, CVE-2023-43577, CVE-2023-43578, CVE-2023-43579, CVE-2023-43580, CVE-2023-43581, CVE-2023-45075, CVE-2023-45076, CVE-2023-45077, CVE-2023-45078, CVE-2023-45079",AMD-SB-4007,2023-10-10,2024-11-27
LEN-140141,Multi-vendor BIOS Security Vulnerabilities (November 2023),"CVE-2021-26345, CVE-2021-46758, CVE-2021-46766, CVE-2021-46774, CVE-2022-23820, CVE-2022-23821, CVE-2022-23830, CVE-2023-20519, CVE-2023-20521, CVE-2023-20526, CVE-2023-20533, CVE-2023-20563, CVE-2023-20565, CVE-2023-20566, CVE-2023-20571, CVE-2023-20592, CVE-2023-20596, CVE-2023-22329, CVE-2023-23583, CVE-2023-25756, CVE-2023-30633, CVE-2023-31100, CVE-2023-34195","AMD-SB-7011, AMD-SB-3005 AMD-SB-3002, AMD-SB-4002, INSYDE-SA-2023045, INSYDE-SA-2023052, INTEL-SA-00924, INTEL-SA-00950, 2023.4 IPU Out-of-Band (OOB)",2023-11-14,2024-11-27
LEN-137494,Intel PROSet Wireless WiFi and Killer WiFi Software Advisory,"CVE-2023-33875, CVE-2023-28720, CVE-2023-32642, CVE-2023-34983, CVE-2023-35061, CVE-2023-28374, CVE-2023-25951, CVE-2023-26586, CVE-2023-32651, CVE-2023-32644",INTEL-SA-00947,2024-02-13,2024-11-27
LEN-135397,"AMD Graphics Driver Vulnerabilities- November, 2023","CVE-2023-20567, CVE-2023-20568, CVE-2023-31320, CVE-2021-46748",AMD-SB-6003,2023-11-14,2024-11-27
LEN-134879,Multi-vendor BIOS Security Vulnerabilities (August 2023),"CVE-2022-24351, CVE-2022-27879, CVE-2022-37343, CVE-2022-38083, CVE-2022-40982, CVE-2022-41804, CVE-2022-43505, CVE-2022-44611, CVE-2022-46897, CVE-2023-2004, CVE-2023-20555, CVE-2023-20569, CVE-2023-23908, CVE-2023-26090, CVE-2023-27471, CVE-2023-28468, CVE-2023-31041, CVE-2023-34419, CVE-2023-4028, CVE-2023-4029, CVE-2023-4030","AMD-SB-4003, AMD-SB-7005, INSYDE-SA-2023018, INSYDE-SA-2023034, INSYDE-SA-2023036, INSYDE-SA-2023038, INSYDE-SA-2023039, INSYDE-SA-2023047, INSYDE-SA-2023048 ,INTEL-SA-00813, INTEL-SA-00828, INTEL-SA-00836, INTEL-SA-00837",2023-08-08,2024-11-27
LEN-121185,Intel Chipset Firmware Advisory,"CVE-2022-36392, CVE-2022-38102, CVE-2022-29871",INTEL-SA-00783,2023-08-08,2024-11-27
LEN-115697,TianoCore EDK II BIOS Vulnerabilities,"CVE-2022-36763, CVE-2022-36764, CVE-2022-36765",VU#275256,2024-01-09,2024-11-27
LEN-167701,Intel VROC Software Advisory,"CVE-2024-29079, CVE-2024-32485",INTEL-SA-01154,2024-11-12,2024-11-21
LEN-167700,Intel PROSet Wireless WiFi Advisory,"CVE-2024-35245, CVE-2024-33624, CVE-2024-33611",INTEL-SA-01167,2024-11-12,2024-11-21
LEN-165035,AMD Uninitialized GPU Register Access Advisory,CVE-2024-21969,AMD-SB-6013,2024-08-13,2024-11-21
LEN-163020,NVIDIA GPU Display Driver - June 2024,"CVE-2024-0084, CVE-2024-0085, CVE-2024-0086, CVE-2024-0089, CVE-2024-0090, CVE-2024-0091, CVE-2024-0092, CVE-2024-0093, CVE-2024-0094, CVE-2024-0099",,2024-06-11,2024-11-21
LEN-158935,Intel Connectivity Performance Suite Software Installer Advisory,CVE-2023-43747,INTEL-SA-01102,2024-08-13,2024-11-21
LEN-158929,Intel TDX Module Software Advisory,CVE-2024-27457,INTEL-SA-01099 AMI SA50264,2024-10-08,2024-11-21
LEN-158299,Intel ISH Software Installer Advisory,CVE-2024-23974,INTEL-SA-01088,2024-08-13,2024-11-21
LEN-158177,Intel HID Event Filter Software Installer Advisory,CVE-2024-25561,INTEL-SA-01089,2024-08-13,2024-11-21
LEN-156779,Intel DTT Software Installer Advisory,CVE-2024-21813,INTEL-SA-00984,2024-05-14,2024-11-21
LEN-156778,Intel Arc & Iris Xe Graphics Software Advisory,CVE-2024-21864,INTEL-SA-01053,2024-05-14,2024-11-21
LEN-152842,Intel Arc Control Software Advisory,"CVE-2023-29165, CVE-2023-27305, CVE-2023-25952, CVE-2022-42879",INTEL-SA-01020,2024-05-14,2024-11-21
LEN-150742,Intel ProSet Wireless WiFi and Bluetooth Advisory,"CVE-2023-38654, CVE-2023-47859, CVE-2023-47210, CVE-2023-45845, CVE- 2023-38417, CVE-2023-40536",INTEL-SA-01039,2024-05-14,2024-11-21
LEN-149654,AMD GPU Memory Leak Advisory,CVE-2023-4969,AMD-SB-6010,2024-02-13,2024-11-21
LEN-147237,Synaptics Fingerprint Driver Vulnerability,CVE-2023-5447,,2024-05-14,2024-11-21
LEN-142128,Intel Chipset Software and SPS Advisory,"CVE-2023-35191, CVE-2023-28389, CVE-2023-32633, CVE-2023-27502",INTEL-SA-00923,2024-03-12,2024-11-21
LEN-130057,AMD Cross-Process Information Leak,CVE-2023-20593,"AMD-SB-7008, Zenbleed",2023-07-24,2024-11-21
LEN-171275,Intel Optane PMem Management Software Advisory,CVE-2024-36275,INTEL-SA-01189,2024-11-12,2024-11-14
LEN-170985,Qualcomm Bluetooth Controller Vulnerability,CVE-2024-38408,,2024-11-12,2024-11-14
LEN-165230,Qualcomm WLAN Vulnerability,CVE-2024-33051,,2024-09-10,2024-11-14
LEN-163493,Intel Ethernet Controllers and Adapters Advisory,"CVE-2024-21810, CVE-2024-23497, CVE-2024-23981, CVE-2024-24986, CVE- 2024-21807, CVE-2024-21769, CVE-2024-24983, CVE-2024-23499, CVE-2024-21806",INTEL-SA-00918,2024-08-13,2024-11-14
LEN-156780,Intel Ethernet Controller Administrative Tools Installer Software Advisory,CVE-2024-21828,INTEL-SA-01056,2024-05-14,2024-11-14
LEN-155025,AMD Graphics Driver Vulnerabilities,"CVE-2021-26367, CVE-2023-20509, CVE-2023-20510, CVE-2023-20512, CVE-2023-20513, CVE-2023-31304, CVE-2023-31305, CVE-2023-31307, CVE-2023-31310",AM-SN-6005,2024-08-13,2024-11-14
LEN-179274,Brocade Fabric OS - Security Update,"CVE-2022-1304, CVE-2022-48624, CVE-2023-52160, CVE-2023-6129, CVE-2023-6237, CVE-2023-7104, CVE-2024-10403, CVE-2024-1086, CVE-2024-4603, CVE-2024-7516, CVE-2024-7517","BSA-2024-2461, BSA-2024-2463, BSA-2024-2588, BSA-2024-2600, BSA-2024-2603, BSA-2024-2608, BSA-2024-2648, BSA-2024-2730, BSA-2024-2731, BSA-2024-2742, BSA-2024-2763",2024-11-12,2024-11-12
LEN-171279,Intel IPP Software Advisory,CVE-2024-28952,INTEL-SA-01140,2024-11-12,2024-11-12
LEN-171278,Intel VTune Profiler Advisory,"CVE-2024-36245, CVE-2024-37027",INTEL-SA-01187,2024-11-12,2024-11-12
LEN-171277,Intel Graphics Driver Advisory,CVE-2024-38387,INTEL-SA-01191,2024-11-12,2024-11-12
LEN-171276,Intel SGX SDK Advisory,CVE-2024-34776,INTEL-SA-01188,2024-11-12,2024-11-12
LEN-167702,Intel CST Software Advisory,CVE-2024-29076,INTEL-SA-01024,2024-11-12,2024-11-12
LEN-158927,Intel Ethernet Adapter Driver Pack Software Installer Advisory,CVE-2024-22376,INTEL-SA-01106,2024-08-13,2024-11-07
LEN-155804,Fingerprint Reader Vulnerabilities,"CVE-2024-23592, CVE-2023-50430, CVE-2024-0454",,2024-03-12,2024-11-07
LEN-155009,Intel Chipset Device Software Advisory,CVE-2024-21814,INTEL-SA-01032,2024-05-14,2024-11-07
LEN-130338,Intel Graphics Driver Advisory,"CVE-2023-29165, CVE-2023-27305, CVE-2023-25952, CVE-2022-42879, CVE-2023-25071, CVE-2023-28401, CVE-2023-28404",INTEL-SA-00894,2023-11-14,2024-11-07
LEN-155477,"Multi-vendor BIOS Security Vulnerabilities (March, 2024)","CVE-2020-5952, CVE-2022-30426, CVE-2023-22655, CVE-2023-28149, CVE-2023-28746, CVE-2023-32282, CVE-2023-32666, CVE-2023-38575, CVE-2023-39281, CVE-2023-39283, CVE-2023-39284, CVE-2023-39368, CVE-2023-5912","INSYDE-SA-2023054, INSYDE-SA-2023040, INSYDE-SA-2023055, INSYDE-SA-2023056, INTEL-SA-00986, INTEL-SA-00960, INTEL-SA-00898, INTEL-SA-00929, INTEL-SA-00972, INTEL-SA-00982,",2024-03-12,2024-11-01
LEN-144841,NVIDIA GPU Display Driver Advisory - October 2023,"CVE-2023-31017, CVE-2023-31019, CVE-2023-31016, CVE-2023-31020, CVE-2023-31022, CVE-2023-31023, CVE-2023-31018, CVE-2023-31026, CVE-2023-31021, CVE-2023-31027",,2023-11-14,2024-11-01
LEN-142133,AMD Radeon Graphics Kernel Driver Privilege Management Vulnerability,CVE-2023-20598,AMD-SB-6009,2023-11-14,2024-11-01
LEN-106015,AMD Graphics OpenSSL Vulnerabilities,"CVE-2022-3602, CVE-2022-3786",AMD-SB-7001,2023-08-08,2024-11-01
LEN-163506,Intel VROC Software Advisory,CVE-2024-23489,INTEL-SA-01128,2024-08-13,2024-10-10
LEN-115701,Intel PROSet Wireless WiFi and Killer WiFi Advisory,"CVE-2022-27635, CVE-2022-46329, CVE-2022-40964, CVE-2022-36351, CVE-2022-38076",INTEL-SA-00766,2023-08-08,2024-10-10
LEN-158394,Dolby Vision Provisioning Vulnerability,CVE-2024-5474,,2024-10-08,2024-10-08
LEN-91929,"Intel PROSet Wireless WiFi, Intel vPro CSME WiFi and Killer WiFi Advisory",CVE-2022-26047,INTEL-SA-00699,2022-11-08,2024-09-19
LEN-172051,Lenovo XClarity Controller (XCC) Vulnerabilities,"CVE-2024-8278, CVE-2024-8279, CVE-2024-8280, CVE-2024-8281, CVE-2024-8059",LEN-167041,2024-09-10,2024-09-17
LEN-167313,NetApp SnapCenter Information Disclosure Vulnerability,CVE-2024-21993,NTAP-20240705-0007,2024-09-10,2024-09-13
LEN-167072,Mediatek Tablet Vulnerability,CVE-2024-20021,,2024-09-10,2024-09-10
LEN-154748,Lenovo XClarity Administrator (LXCA) Vulnerabilities,"CVE-2024-45101, CVE-2024-45102, CVE-2024-45103, CVE-2024-45104",,2024-09-10,2024-09-10
LEN-155486,LDCC and LADM Privilege Escalation Vulnerabilities,"CVE-2024-2175, CVE-2024-4763",,2024-08-13,2024-08-15
LEN-150740,MediaTek Tablet Vulnerability,CVE-2023-32871,,2024-05-14,2024-08-15
LEN-163508,Intel VTune Profiler Software Advisory,CVE-2024-29015,INTEL-SA-01122,2024-08-13,2024-08-13
LEN-163507,Intel EMON Software Advisory,CVE-2024-28953,INTEL-SA-01125,2024-08-13,2024-08-13
LEN-158417,AMI MegaRAC Vulnerability,CVE-2018-25103,AMI-SA-2024002,2024-07-09,2024-08-08
LEN-158501,Lenovo Tab K10 Vulnerability,CVE-2024-4786,,2024-07-09,2024-07-23
LEN-124490,Intel Thunderbolt DCH Drivers for Windows Advisory,"CVE-2023-22293, CVE-2023-25777, CVE-2023-22342, CVE-2023-25779, CVE-2023-24542, CVE-2023-22390, CVE-2023-24481, CVE-2023-24589, CVE-2023-22848, CVE-2023-25769, CVE-2023-26585, CVE-2023-27308, CVE-2023-24463, CVE-2023-27301, CVE-2023-27307, CVE-2023-27300, CVE-2023-26592, CVE-2023-27303, CVE-2023-26596, CVE-2023-26591",INTEL-SA-00851,2024-02-13,2024-07-11
LEN-156781,Lenovo XClarity Controller (XCC) Vulnerabilities,"CVE-2024-38508, CVE-2024-38509, CVE-2024-38510, CVE-2024-38511, CVE-2024-38512",,2024-07-09,2024-07-09
LEN-95137,AMD SPI Lock Bypass Vulnerability,CVE-2022-23829,AMD-SB-1041,2024-06-11,2024-07-03
LEN-129488,NVIDIA Display Driver Advisory - June 2023,"CVE-2022-34671, CVE-2023-25515, CVE-2023-25516, CVE-2023-25517",,2023-07-11,2024-07-03
LEN-120653,NVIDIA Display Driver Advisory - March 2023,"CVE-2023-0189, CVE-2023-0184, CVE-2023-0182, CVE-2023-0181, CVE-2023-0191, CVE-2023-0183, CVE-2023-0180, CVE-2023-0185, CVE-2023-0198, CVE-2023-0187, CVE-2023-0199, CVE-2023-0186, CVE-2023-0190, CVE-2023-0188, CVE-2023-0192, CVE-2023-0194, CVE-2023-0195, CVE-2023-0197",,2023-04-11,2024-07-03
LEN-124495,Multi-vendor BIOS Security Vulnerabilities (May 2023),"CVE-2021-26354, CVE-2021-26356, CVE-2021-26365, CVE-2021-26371, CVE-2021-26379, CVE-2021-26391, CVE-2021-26392, CVE-2021-26393, CVE-2021-26397, CVE-2021-26406, CVE-2021-46749, CVE-2021-46753, CVE-2021-46754, CVE-2021-46755, CVE-2021-46756, CVE-2021-46759, CVE-2021-46760, CVE-2021-46762, CVE-2021-46763, CVE-2021-46764, CVE-2021-46765, CVE-2021-46769, CVE-2021-46773, CVE-2021-46775, CVE-2021-46792, CVE-2021-46794, CVE-2022-23818, CVE-2022-33894, CVE-2022-38087, CVE-2022-48181, CVE-2022-48188, CVE-2023-20520, CVE-2023-20524, CVE-2023-27373","AMD-SB-3001, AMD-SB-4001, INSYDE-SA-2023028, INSYDE-SA-2023035, INSYDE-SA-2023016, INTEL-SA-00807",2023-05-09,2024-06-27
LEN-73438,Intel PROSet Wireless WiFi and Killer WiFi Software Advisory,"CVE-2021-33113, CVE-2021-33114, CVE-2021-33115",INTEL-SA-00582,2022-02-08,2024-06-12
LEN-163429,Lenovo Service Bridge Vulnerability,CVE-2024-4696,,2024-06-11,2024-06-11
LEN-149642,Intel CST Software Advisory,"CVE-2023-40155, CVE-2023-43487, CVE-2023-39433, CVE-2023-41082",INTEL-SA-01021,2024-05-14,2024-06-06
LEN-115703,Intel Ethernet Adapters and Intel Ethernet Controller I225 Advisory,"CVE-2021-33141, CVE-2021-33162, CVE-2021-33157, CVE-2021-33161, CVE-2021-37341, CVE-2021-33145, CVE-2021-33158, CVE-2021-33142, CVE-2021-33146",INTEL-SA-00756,2024-05-14,2024-06-03
LEN-145288,Intel Ethernet Tools and Driver Install Software Advisory,"CVE-2023-33870, CVE-2023-39432",INTEL-SA-00993,2024-02-13,2024-05-30
LEN-158422,Brocade Fabric OS - Security Update,"CVE-2023-3454, CVE-2023-5973",,2024-05-14,2024-05-14
LEN-152165,Intel VTUNE Profiler Advisory,CVE-2023-45320,INTEL-SA-01034,2024-05-14,2024-05-14
LEN-155481,NetApp SnapCenter Improper Authorization Vulnerability,CVE-2024-21987,NTAP-20240216-0001,2024-03-12,2024-05-10
LEN-87734,Lenovo XClarity Controller (XCC) Vulnerabilities,"CVE-2022-34884, CVE-2022-34888",,2022-07-12,2024-05-06
LEN-140960,Lenovo XClarity Controller (XCC) Vulnerabilities,"CVE-2023-4606, CVE-2023-4607, CVE-2023-4608",,2023-09-12,2024-05-06
LEN-121183,Lenovo UDC Vulnerability,CVE-2023-3078,,2023-07-11,2024-04-24
LEN-154269,Intel VROC Software Advisory,"CVE-2023-31271, CVE-2023-32646, CVE-2023-34315",INTEL-SA-00953,2024-02-13,2024-04-18
LEN-140420,System Management Module (SMM v1 and v2) and Fan Power Controller (FPC) Vulnerabilities,"CVE-2023-4855, CVE-2023-4856, CVE-2023-4857, CVE-2024-2659",,2024-04-09,2024-04-09
LEN-132277,PC System Recovery Bootloader Vulnerabilities,"CVE-2024-23593, CVE-2024-23594",,2024-04-09,2024-04-09
LEN-121190,AMI MegaRAC Vulnerability,CVE-2023-28863,AMI-SA-2023003,2024-04-09,2024-04-09
LEN-147238,Android OS Vulnerability,CVE-2023-45779,,2024-02-13,2024-04-04
LEN-142135,Lenovo Tablet Vulnerabilities,"CVE-2022-20072, CVE-2023-5080, CVE-2023-5081",,2024-01-09,2024-04-04
LEN-140937,Intel Rapid Storage Technology Software Advisory,CVE-2023-39230,INTEL-SA-00961,2023-11-14,2024-04-04
LEN-87863,Multi-vendor BIOS Security Vulnerabilities (May 2022),"CVE-2021-33117, CVE-2021-0153, CVE-2021-0154, CVE-2021-0155, CVE-2021-0159, CVE-2021-0188, CVE-2021-0189, CVE-2021-0190, CVE-2021-33103, CVE-2021-33122, CVE-2021-33123, CVE-2021-33124, CVE-2022-0005, CVE-2022-21131, CVE-2022-21136, CVE-2022-21151, CVE-2020-12931, CVE-2020-12944, CVE-2020-12946, CVE-2020-12951, CVE-2021-26312, CVE-2021-26335, CVE-2021-26336, CVE-2021-26337, CVE-2021-26339, CVE-2021-26351, CVE-2021-26352, CVE-2021-26361, CVE-2021-26362, CVE-2021-26363, CVE-2021-26366, CVE-2021-26368, CVE-2021-26369, CVE-2021-26372, CVE-2021-26373, CVE-2021-26375, CVE-2021-26376, CVE-2021-26378, CVE-2021-26386, CVE-2021-26388, CVE-2021-26390, CVE-2021-26317, CVE-2021-39298, CVE-2021-26384, CVE-2021-26342, CVE-2021-26347, CVE-2021-26348, CVE-2021-26349, CVE-2021-26364, CVE-2021-26350","2022.1 IPU, INTEL-SA-00586, INTEL-SA-00601, INTEL-SA-00614, INTEL-SA-00616, INTEL-SA-00617, AMD-SB-1027, AMD-SB-1028",2022-05-10,2024-03-18
LEN-102354,Intel Integrated Sensor Solution Advisory,CVE-2022-30339,INTEL-SA-00721,2023-02-14,2024-03-14
LEN-91370,NVIDIA Display Driver Advisory - August 2022,"CVE-2022-31606, CVE-2022-31607, CVE-2022-31608, CVE-2022-31610, CVE-2022-31612, CVE-2022-31613, CVE-2022-34665, CVE-2022-34666, CVE-2022-31616, CVE-2022-31617, CVE-2022-31609, CVE-2022-31614, CVE-2022-31618, CVE-2022-31615",,2022-08-09,2024-03-07
LEN-150741,NetApp Clustered Data ONTAP Vulnerabilities,"CVE-2024-21982, CVE-2024-21985","NTAP-20240111-0001, NTAP-20240126-0001",2024-02-13,2024-03-07
LEN-103982,NVIDIA GPU Display Driver Advisory - November 2022,"CVE-2022-34669, CVE-2022-34671, CVE-2022-34672, CVE-2022-34670, CVE-2022-42267, CVE-2022-42263, CVE-2022- 34676, CVE-2022-42264, CVE-2022-34674, CVE-2022-34678, CVE-2022-34679, CVE-2022-34680, CVE-2022-34677, CVE-2022-34681, CVE-2022-34682, CVE-2022-34683, CVE-2022-42266, CVE-2022-42257, CVE-2022-42265, CVE-2022- 34684, CVE-2022-42254, CVE-2022-42258, CVE-2022-42255, CVE-2022-42256, CVE-2022-34673, CVE-2022-42259, CVE 2022-42260, CVE-2022-42261, CVE-2022-42262, CVE-2022-34675",,2022-12-13,2024-03-07
LEN-99960,2023.1 IPU Intel Chipset Firmware Advisory,"CVE-2022-36348, CVE-2022-36794",INTEL-SA-00718,2023-02-14,2024-02-29
LEN-107840,Multi-Vendor BIOS Security Vulnerabilities (February 2023),"CVE-2022-32471, CVE-2022-32475, CVE-2022-32470, CVE-2022-32469, CVE-2022-32477, CVE-2022-32473, CVE-2022-32476, CVE-2022-32472, CVE-2022-32478, CVE-2022-32474, CVE-2022-32953, CVE-2022-32954, CVE-2022-32955, CVE-2022-32952, CVE-2022-32951, CVE-2022-33972","INSYDE-SA-2023003, INTEL-SA-00730, INTEL-SA-00717, INTEL-SA-00767, INTEL-SA-00738, INTEL-SA-00700",2023-02-14,2024-02-29
LEN-115634,Insyde BIOS Vulnerabilities,"CVE-2023-22614, CVE-2023-22616, CVE-2023-22613, CVE-2023-22615, CVE-2023-22612, CVE-2022-24350",,2023-04-11,2024-02-22
LEN-150020,Intel SPS End of Manufacturing Not Executed for Certain ThinkSystem SR670V2 Servers,CVE-2024-23591,,2024-02-13,2024-02-14
LEN-152496,Intel QAT Software Advisory,CVE-2023-41252,INTEL-SA-01000,2024-02-13,2024-02-13
LEN-148889,AMI MegaRAC Vulnerabilities,AMI (No CVEs),,2024-02-13,2024-02-13
LEN-140527,Intel Dynamic Tuning Technology Advisory,CVE-2022-29470,INTEL-SA-00875,2023-09-12,2024-01-11
LEN-135372,AMI MegaRAC Vulnerabilities,"CVE-2023-37293, CVE-2023-37297, CVE-2023-37296, CVE-2023-37295, CVE-2023-37294, CVE-2023-3043, CVE-2023-34333",,2024-01-09,2024-01-11
LEN-136592,Lenovo XClarity Administrator (LXCA) Vulnerability,CVE-2023-4605,,2024-01-09,2024-01-10
LEN-144736,Lenovo Vantage Vulnerabilities,"CVE-2023-6043, CVE-2023-6044",,2024-01-09,2024-01-09
LEN-94533,Third-party Bootloader Vulnerabilities,"CVE-2022-34301, CVE-2022-34302, CVE-2022-34303",VU#309662,2022-08-11,2024-01-04
LEN-77470,Intel Chipset Firmware Advisory,"CVE-2021-33159, CVE-2022-26845, CVE-2022-29893, CVE-2022-27497, CVE-2022-29466, CVE-2022-29515","INTEL-SA-00610, 2022.3 IPU",2022-11-08,2024-01-02
LEN-90565,Realtek High-Definition Audio Driver Vulnerability,CVE-2021-32537,,2022-09-13,2023-12-18
LEN-93889,AMD Client Vulnerabilities - January 2023,"CVE-2021-26316, CVE-2021-26346,CVE-2021-46795",AMD-SB-1031,2023-01-10,2023-12-07
LEN-106014,ThinkPad BIOS Vulnerabilities,"CVE-2022-3728, CVE-2022-48182, CVE-2022-48183, CVE-2022-4573, CVE-2022-4574 CVE-2022-4575, CVE-2022-48189, CVE-2023-2290",,2023-03-14,2023-12-07
LEN-144731,NetApp SnapCenter Privilege Escalation Vulnerability,CVE-2023-27316,NTAP-20231012-0001,2023-11-14,2023-11-22
LEN-102363,Multi-Vendor BIOS Security Vulnerabilities (November 2022),"CVE-2022-40246, CVE-2022-40250, CVE-2022-40262, CVE-2022-26006, CVE-2022-21198, CVE-2021-33164, CVE-2022-33176, CVE-2022-37345, CVE-2022-21794, CVE-2022-34152, CVE-2022-32569, CVE-2022-36789, CVE-2022-35276, CVE-2022-26124, CVE-2022-36370, CVE-2022-37334, CVE-2022-36349, CVE-2022-38099, CVE-2022-36337, CVE-2022-35407, CVE-2022-35897, CVE-2022-36338, CVE-2022-35894, CVE-2022-35408, CVE-2022-36448, CVE-2022-35895, CVE-2022-35896, CVE-2022-35893","Ringhopper, INTEL-SA-00688, VU#434994, 2022.3 IPU, INSYDE-SA-2022039, INSYDE-SA-2022040, INSYDE-SA-2022041, INSYDE-SA-2022029, INSYDE-SA-2022030, INSYDE-SA-2022031, INSYDE-SA-2022032, INSYDE-SA-2022033, INSYDE-SA-2022034, INSYDE-SA-2022035",2022-11-08,2023-11-16
LEN-127385,Lenovo Preload Directory Vulnerability,CVE-2023-4706,,2023-10-10,2023-11-06
LEN-103547,Intel Ethernet Controllers and Adapters Advisory,CVE-2022-36382,INTEL-SA-00754,2023-02-14,2023-11-02
LEN-90913,"AMD Graphics Driver Vulnerabilities- November, 2022","CVE-2020-12930, CVE-2020-12931, CVE-2021-26360, CVE-2021-26391, CVE-2021-26392, CVE-2021-26393, CVE-2022-23817",AMD-SB-1029,2022-11-08,2023-10-26
LEN-135367,Lenovo System Update Vulnerability,CVE-2023-4632,,2023-10-10,2023-10-10
LEN-135344,Lenovo View Denial of Service Vulnerability,CVE-2023-4891,,2023-10-10,2023-10-10
LEN-91369,Lenovo Notebook BIOS Vulnerabilities,"CVE-2022-1890, CVE-2022-1891, CVE-2022-1892",,2022-07-12,2023-09-28
LEN-84943,ThinkPad BIOS Vulnerabilities,"CVE-2022-1107, CVE-2022-1108",,2022-04-12,2023-09-28
LEN-76563,Quectel Wireless WAN Driver Command Injection Vulnerability,CVE-2022-40283,,2022-09-13,2023-09-28
LEN-66616,Intel SGX SDK Advisory,CVE-2021-0186,INTEL-SA-00548,2021-10-12,2023-09-28
LEN-84070,Intel PROSet Wireless WiFi and Killer WiFi Advisory,"CVE-2022-21181, CVE-2021-37409, CVE-2021-23223, CVE-2021-23168, CVE-2021-44545, CVE-2021-26254, CVE-2022-21172, CVE-2022-21240, CVE-2022-21139, CVE-2022-21197, CVE-2022-21160, CVE-2021-23188, CVE-2022-21212, CVE-2022-21140",INTEL-SA-00621,2022-08-09,2023-09-21
LEN-77639,Multi-vendor BIOS Security Vulnerabilities (February 2022),"CVE-2021-0091, CVE-2021-0092, CVE-2021-0093, CVE-2021-0099, CVE-2021-0103, CVE-2021-0107, CVE-2021-0111, CVE-2021-0114, CVE-2021-0115, CVE-2021-0116, CVE-2021-0117, CVE-2021-0118, CVE-2021-0119, CVE-2021-0124, CVE-2021-0125, CVE-2021-0156, CVE-2021-0127, CVE-2021-0145, CVE-2021-4210, CVE-2021-4211, CVE-2021-4212, CVE-2021-33120","2021.2 IPU, INTEL-SA-00527, INTEL-SA-00532, INTEL-SA-00561, INTEL-SA-00589",2022-02-08,2023-09-21
LEN-73436,InsydeH2O UEFI System Management Mode (SMM) Vulnerabilities,"CVE-2020-27339, CVE-2020-5953, CVE-2021-33625, CVE-2021-33626, CVE-2021-33627, CVE-2021-41837, CVE-2021-41838, CVE-2021-41839, CVE-2021-41840, CVE-2021-41841, CVE-2021-42059, CVE-2021-42060, CVE-2021-42113, CVE-2021-42554, CVE-2021-43323, CVE-2021-43522, CVE-2021-43615, CVE-2021-45969, CVE-2021-45970, CVE-2021-45971, CVE-2022-24030, CVE-2022-24031, CVE-2022-24069",VU#796611,2022-02-02,2023-09-21
LEN-62744,Intel Graphics Drivers Advisory,"CVE-2021-0061, CVE-2021-0062, CVE-2021-0012",INTEL-SA-00508,2021-08-10,2023-09-21
LEN-48101,AMI MegaRAC SP-X BMC Vulnerabilities,No CVEs - AMI,,2022-02-08,2023-09-21
LEN-118321,Lenovo XClarity Controller (XCC) Vulnerabilities,"CVE-2023-29056, CVE-2023-29057, CVE-2023-29058",,2023-04-11,2023-09-21
LEN-102357,"Intel AMT SDK, Intel EMA and Intel MC Advisory",CVE-2022-26341,INTEL-SA-00680,2022-11-08,2023-09-21
LEN-128081,Elliptic Labs Virtual Lock Sensor Vulnerability,CVE-2023-3112,,2023-09-12,2023-09-14
LEN-87819,NVIDIA GPU Display Driver Advisory - May 2022,"CVE-2022-28181, CVE-2022-28182, CVE-2022-28183, CVE-2022-28184, CVE-2022-28185, CVE-2022-28186, CVE-2022-28187, CVE-2022-28188, CVE-2022-28189, CVE-2022-28190, CVE-2022-28191, CVE-2022-28192",,2022-06-14,2023-08-17
LEN-118375,AMI MegaRAC SP-X BMC Vulnerabilities,"CVE-2023-34472, CVE-2023-34473, CVE-2023-34471, CVE-2023-34337, CVE-2023-34338",AMI-SA-2023006,2023-07-11,2023-08-17
LEN-105117,AMI MegaRAC SP-X BMC Redfish Vulnerabilities,"CVE-2023-25191, CVE-2023-25192",AMI-SA-2023002,2023-02-14,2023-08-10
LEN-72619,ThinkPad BIOS Vulnerabilities,"CVE-2021-3718, CVE-2021-3843",,2021-10-12,2023-08-08
LEN-118320,Nuvoton TPM Denial of Service Vulnerability,CVE-2023-1017,"Nuvoton SA-003, VU#782720",2023-02-28,2023-08-03
LEN-125170,AMI MegaRAC SP-X BMC Redfish Vulnerabilities,"CVE-2023-34329, CVE-2023-34330",AMI-SA-2023006,2023-07-21,2023-07-21
LEN-132938,AMD SEV VM Power Side Channel Security Notice,CVE-2023-20575,AMD-SB-3004,2023-07-11,2023-07-11
LEN-77468,Intel Processors MMIO Stale Data Advisory,"CVE-2022-21123, CVE-2022-21125, CVE-2022-21127, CVE-2022-21166",INTEL-SA-00615,2022-06-14,2023-06-29
LEN-102359,Intel SGX SDK Advisory,CVE-2022-27499,INTEL-SA-00691,2022-11-08,2023-06-29
LEN-102353,Intel SGX SDK Advisory,"CVE-2022-26509, CVE-2022-26841",INTEL-SA-00677,2023-02-14,2023-06-22
LEN-98715,Lenovo XClarity Administrator (LXCA) Vulnerabilities,"CVE-2023-3113, CVE-2023-34418, CVE-2023-34420, CVE-2023-34421, CVE-2023-34422",,2023-06-13,2023-06-16
LEN-127357,System Management Module (SMM) v1 and v2 / Fan Power Controller (FPC) Vulnerabilities,"CVE-2023-2992, CVE-2023-2993",,2023-06-13,2023-06-16
LEN-76573,Apache Log4j Vulnerability,"CVE-2021-44228, CVE-2021-45046, CVE-2021-45105, CVE-2021-4104, CVE-2021-44832",Log4Shell,2021-12-13,2023-06-14
LEN-68054,Synaptics Fingerprint Driver Vulnerability,CVE-2021-3675,,2022-06-14,2023-05-19
LEN-103544,ThinkPad Dock Firmware Update Tool Elevation of Privilege Vulnerability,CVE-2022-4569,,2023-05-09,2023-05-10
LEN-123896,SLP Protocol Denial-of-Service Guidance,CVE-2023-29552,AMI-SA-2023004,2023-05-09,2023-05-09
LEN-84069,Intel Wireless Bluetooth and Killer Bluetooth Advisory,"CVE-2021-33847, CVE-2021-26257, CVE-2021-26950, CVE-2021-23179",INTEL-SA-00628,2022-08-09,2023-05-04
LEN-76841,Intel Wireless Bluetooth and Killer Bluetooth Advisory,"CVE-2021-33139, CVE-2021-33155","INTEL-SA-00604, Braktooth",2022-02-08,2023-04-27
LEN-77636,NVIDIA GPU Display Driver Advisory - February 2022,"CVE-2022-21813, CVE-2022-21814, CVE-2022-21815, CVE-2022-21816",,2022-02-08,2023-04-20
LEN-102352,Crypto API Toolkit for Intel SGX Advisory,CVE-2022-21163,INTEL-SA-00746,2023-02-14,2023-04-20
LEN-113714,Lenovo Smart Clock Essential Vulnerability,CVE-2023-0896,,2023-04-11,2023-04-11
LEN-87822,Intel Chipset Firmware Advisory,CVE-2022-26074,INTEL-SA-00669,2022-08-09,2023-04-06
LEN-94953,Multi-Vendor BIOS Security Vulnerabilities (September 2022),"CVE-2021-28216, CVE-2022-40134, CVE-2022-40135, CVE-2022-40136, CVE-2022-40137",,2022-09-13,2023-03-23
LEN-73437,Intel Wireless Bluetooth and Killer Bluetooth for Windows Advisory,CVE-2021-33110,INTEL-SA-00581,2022-02-08,2023-03-23
LEN-105064,AMI MegaRAC SP-X BMC Vulnerabilities,"CVE-2022-40258, CVE-2022-26872",AMI-SA-2023001,2023-02-14,2023-03-23
LEN-99936,Lenovo XClarity Controller (XCC) Vulnerabilities,"CVE-2023-0683, CVE-2023-25492, CVE-2023-25495",,2023-03-14,2023-03-14
LEN-103545,Lenovo System Update Elevation of Privileges Vulnerability,CVE-2022-4568,,2023-03-14,2023-03-14
LEN-78122,Intel Graphics Drivers Advisory,"CVE-2021-0121, CVE-2021-0120",INTEL-SA-00566,2022-01-28,2023-03-09
LEN-67364,AMD Chipset Driver Information Disclosure Vulnerability,CVE-2021-26333,AMD-SB-1009,2021-09-14,2023-03-09
LEN-62745,"Intel PROSet Wireless Wi-Fi, Intel AMT Wireless and Killer Wi-Fi Software Advisory","CVE-2021-0161, CVE-2021-0162, CVE-2021-0163, CVE-2021-0164, CVE-2021-0165, CVE-2021-0066, CVE-2021-0166, CVE-2021-0167, CVE-2021-0169, CVE-2021-0168, CVE-2021-0170, CVE-2021-0171, CVE-2021-0172, CVE-2021-0173, CVE-2021-0174, CVE-2021-0175, CVE-2021-0076, CVE-2021-0176, CVE-2021-0177, CVE-2021-0178, CVE-2021-0179, CVE-2021-0183, CVE-2021-0072",INTEL-SA-00539,2022-02-08,2023-03-09
LEN-52051,AMD Graphics Driver for Windows 10 Vulnerabilities,"CVE-2020-12893, CVE-2020-12894, CVE-2020-12895, CVE-2020-12897, CVE-2020-12898, CVE-2020-12899, CVE-2020-12900, CVE-2020-12901, CVE-2020-12902, CVE-2020-12903, CVE-2020-12904, CVE-2020-12905, CVE-2020-12920, CVE-2020-12962, CVE-2020-12963, CVE-2020-12964",AMD-SB-1000,2021-11-09,2023-03-09
LEN-118374,TPM 2.0 Vulnerabilities,"CVE-2023-1017, CVE-2023-1018","VU# 782720, TCGVRT0007, Nuvoton-SA-003",2023-02-28,2023-03-07
LEN-91930,Intel PROSet Wireless WiFi Software Advisory,CVE-2022-28667,INTEL-SA-00687,2022-11-08,2023-03-02
LEN-102351,Intel Ethernet VMware Drivers Advisory,"CVE-2022-36416, CVE-2022-36797",INTEL-SA-00750,2023-02-14,2023-03-02
LEN-91933,Multi-vendor BIOS Security Vulnerabilities (August 2022),"CVE-2022-21233, CVE-2021-33060","INTEL-SA-00657, INTEL-SA-00686",2022-08-09,2023-02-08
LEN-75197,Intel AMT Advisory,CVE-2021-33107,INTEL-SA-00575,2022-02-08,2023-02-08
LEN-68030,Intel Chipset Firmware Advisory,"CVE-2021-0060, CVE-2021-0147, CVE-2021-33068","2021.2 IPU, INTEL-SA-00470",2022-02-08,2023-02-08
LEN-103710,Lenovo Notebook BIOS Vulnerabilities,"CVE-2022-3742, CVE-2022-3743, CVE-2022-3744, CVE-2022-3745, CVE-2022-3746",,2022-10-31,2023-02-08
LEN-94952,Lenovo Notebook BIOS Vulnerabilities,"CVE-2022-3430, CVE-2022-3431, CVE-2022-3432",,2022-11-08,2023-01-25
LEN-98711,AMI MegaRAC SP-X BMC Vulnerabilities,"CVE-2022-40259, CVE-2022-40242, CVE-2022-2827",AMI-SA-2023001,2022-12-07,2023-01-18
LEN-87730,AMD Server Vulnerabilities - January 2023,"CVE-2021-26316, CVE-2021-26328, CVE-2021-26343, CVE-2021-26353, CVE-2021-26355, CVE-2021-26396, CVE-2021-26398, CVE-2021-26402, CVE-2021-26403, CVE-2021-26404, CVE-2021-26407, CVE-2021-26409, CVE-2021-39298, CVE-2021-46767, CVE-2021-46768, CVE-2021-46779, CVE-2021-46791, CVE-2022-23813, CVE-2022-23814, CVE-2023-20522, CVE-2023-20523, CVE-2023-20525, CVE-2023-20527, CVE-2023-20528, CVE-2023-20529, CVE-2023-20530, CVE-2023-20531, CVE-2023-20532",AMD-SB-1032,2023-01-10,2023-01-18
LEN-84095,Intel Boot Guard and Intel TXT Advisory,CVE-2022-0004,"2022.1 IPU, INTEL-SA-00613",2022-05-10,2023-01-18
LEN-72218,NVIDIA GPU Display Driver Advisory - October 2021,"CVE-2021-1115, CVE-2021-1116, CVE-2021-1117, CVE-2021-1118, CVE-2021-1119, CVE-2021-1120, CVE-2021-1121, CVE-2021-1122, CVE-2021-1123",,2021-11-09,2023-01-06
LEN-103709,ThinkPad X13s BIOS Vulnerabilities,"CVE-2022-40516, CVE-2022-40517, CVE-2022-40518, CVE-2022-40519, CVE-2022-40520, CVE-2022-4432, CVE-2022-4433, CVE-2022-4434, CVE-2022-4435",,2023-01-03,2023-01-03
LEN-62746,Intel Wireless Bluetooth and Killer Bluetooth Advisory,"CVE-2021-0151, CVE-2021-0152",INTEL-SA-00540,2021-11-09,2022-11-15
LEN-94532,Lenovo Vantage Component Vulnerabilities,"CVE-2022-3700, CVE-2022-3701, CVE-2022-3702, CVE-2022-0353, CVE-2022-3698, CVE-2022-3699",,2022-11-08,2022-11-08
LEN-91348,AMD IBPB Return Branch Predictions Information Disclosure,CVE-2022-23824,AMD-SB-1040,2022-11-08,2022-11-08
LEN-91192,Elan UltraNav and MiniPort Driver Denial of Service Vulnerability,CVE-2021-42205,,2022-11-08,2022-11-08
LEN-102365,Lenovo Diagnostics Vulnerabilities,"CVE-2022-0353, CVE-2022-3698, CVE-2022-3699",,2022-11-08,2022-11-08
LEN-102360,Brocade EZSwitch Vulnerability,CVE-2022-33186,BSA-2022-2121,2022-11-08,2022-11-08
LEN-68035,IPV6 VLAN Stacking Vulnerability,"CVE-2021-27853, CVE-2021-27854, CVE-2021-27861, CVE-2021-27862",VU#855201,2022-10-11,2022-11-04
LEN-60188,Intel Thunderbolt DCH Driver for Windows Advisory,CVE-2021-0110,INTEL-SA-00533,2021-11-09,2022-09-19
LEN-91355,Brocade Fabric OS - Security Update,"CVE-2022-28169, CVE-2022-28170, CVE-2022-33178, CVE-2022-33179, CVE-2022-33180, CVE-2022-33181, CVE-2022-33182, CVE-2022-33183, CVE-2022-33184, CVE-2022-33185",BSA-2022-2075,2022-09-13,2022-09-13
LEN-87828,AMI MegaRAC SP-X BMC Vulnerabilities,No CVEs - AMI,,2022-09-13,2022-09-13
LEN-91361,Remote Support Authentication Vulnerability in IBM Spectrum Virtualize and Lenovo Storage V Series,CVE-2021-38969,,2022-08-15,2022-08-15
LEN-75213,Intel Ethernet Controllers and Adapters Advisory,"CVE-2021-33126, CVE-2021-33128, CVE-2022-28709",INTEL-SA-00593,2022-08-09,2022-08-10
LEN-91934,AMD Processor Execution Unit Scheduler Contention Side-Channel Vulnerability,CVE-2021-46778,AMD-SB-1039,2022-08-09,2022-08-09
LEN-91374,Intel AMT and Intel Standard Manageability Advisory,"CVE-2022-30601, CVE-2022-30944, CVE-2022-28697",INTEL-SA-00709,2022-08-09,2022-08-09
LEN-91373,Intel Processors Post-barrier RSB predictions Advisory,CVE-2022-26373,INTEL-SA-00706,2022-08-09,2022-08-09
LEN-76842,Intel IPP Cryptography Advisory (Used in Intel SGX),CVE-2021-33147,INTEL-SA-00600,2022-02-08,2022-08-08
LEN-75180,Multi-vendor BIOS Security Vulnerabilities (November 2021),"CVE-2020-12944, CVE-2020-12946, CVE-2020-12951, CVE-2020-12954, CVE-2020-12961, CVE-2020-12988, CVE-2021-26312, CVE-2021-26315, CVE-2021-26320, CVE-2021-26321, CVE-2021-26322, CVE-2021-26323, CVE-2021-26325, CVE-2021-26326, CVE-2021-26327, CVE-2021-26329, CVE-2021-26330, CVE-2021-26331, CVE-2021-26335, CVE-2021-26336, CVE-2021-26337, CVE-2021-26338, CVE-2021-0146, CVE-2021-0157, CVE-2021-0158, CVE-2021-26324, CVE-2021-26332, CVE-2021-26351, CVE-2021-26352, CVE-2021-26353, CVE-2021-26370, CVE-2021-26390, CVE-2021-26408, CVE-2021-46771","AMD-SB-1021, INTEL-SA-00528, INTEL-SA-00562",2021-11-09,2022-08-08
LEN-65535,NVIDIA GeForce Experience - June 2021,CVE-2021-1073,,2021-08-10,2022-08-08
